game_pk,date,game_number,doubleheader,home_away,opponent_abbrev,opponent_name,result,royals_runs,opponent_runs,innings,walk_off,royals_hits,royals_errors,opponent_hits,opponent_errors,win_pitcher,loss_pitcher,save_pitcher,royals_starter,royals_starter_ip,royals_starter_er,royals_wins_after,royals_losses_after,statpack
824946,2026-03-27,1,N,away,ATL,Atlanta Braves,L,0,6,9,False,,,,,,,,,,,0,1,
824945,2026-03-28,1,N,away,ATL,Atlanta Braves,L,2,6,9,False,,,,,,,,,,,0,2,
824944,2026-03-29,1,N,away,ATL,Atlanta Braves,W,4,1,9,False,,,,,,,,,,,1,2,
824135,2026-03-30,1,N,home,MIN,Minnesota Twins,W,3,1,9,False,,,,,,,,,,,2,2,
824136,2026-04-01,1,N,home,MIN,Minnesota Twins,W,13,9,9,False,,,,,,,,,,,3,2,
824133,2026-04-02,1,N,home,MIN,Minnesota Twins,L,1,5,9,False,,,,,,,,,,,3,3,
824132,2026-04-04,1,S,home,MIL,Milwaukee Brewers,L,2,5,9,False,,,,,,,,,,,3,4,
824134,2026-04-04,2,S,home,MIL,Milwaukee Brewers,W,8,2,9,False,,,,,,,,,,,4,4,
824131,2026-04-05,1,N,home,MIL,Milwaukee Brewers,L,5,8,9,False,,,,,,,,,,,4,5,
824456,2026-04-06,1,N,away,CLE,Cleveland Guardians,W,4,2,9,False,,,,,,,,,,,5,5,
824457,2026-04-07,1,N,away,CLE,Cleveland Guardians,L,1,2,9,False,,,,,,,,,,,5,6,
824455,2026-04-08,1,N,away,CLE,Cleveland Guardians,L,2,10,9,False,,,,,,,,,,,5,7,
824130,2026-04-09,1,N,home,CWS,Chicago White Sox,L,0,2,9,False,,,,,,,,,,,5,8,
824128,2026-04-10,1,N,home,CWS,Chicago White Sox,W,2,0,9,False,,,,,,,,,,,6,8,
824129,2026-04-11,1,N,home,CWS,Chicago White Sox,W,2,0,9,False,,,,,,,,,,,7,8,
824126,2026-04-12,1,N,home,CWS,Chicago White Sox,L,5,6,9,False,,,,,,,,,,,7,9,
824292,2026-04-14,1,N,away,DET,Detroit Tigers,L,1,2,9,False,,,,,,,,,,,7,10,
824291,2026-04-15,1,N,away,DET,Detroit Tigers,L,1,2,9,False,,,,,,,,,,,7,11,
824289,2026-04-16,1,N,away,DET,Detroit Tigers,L,9,10,9,False,,,,,,,,,,,7,12,
823559,2026-04-17,1,N,away,NYY,New York Yankees,L,2,4,9,False,,,,,,,,,,,7,13,
823558,2026-04-18,1,N,away,NYY,New York Yankees,L,4,13,9,False,,,,,,,,,,,7,14,
823556,2026-04-19,1,N,away,NYY,New York Yankees,L,0,7,9,False,,,,,,,,,,,7,15,
824125,2026-04-20,1,N,home,BAL,Baltimore Orioles,L,5,7,9,False,,,,,,,,,,,7,16,
824127,2026-04-21,1,N,home,BAL,Baltimore Orioles,W,6,5,9,False,,,,,,,,,,,8,16,
824123,2026-04-22,1,N,home,BAL,Baltimore Orioles,L,6,8,9,False,,,,,,,,,,,8,17,
824124,2026-04-24,1,N,home,LAA,Los Angeles Angels,W,6,3,9,False,,,,,,,,,,,9,17,
824121,2026-04-25,1,N,home,LAA,Los Angeles Angels,W,12,1,9,False,,,,,,,,,,,10,17,
824122,2026-04-26,1,N,home,LAA,Los Angeles Angels,W,11,9,9,False,,,,,,,,,,,11,17,
825017,2026-04-28,1,N,away,ATH,Athletics,W,4,1,9,False,,,,,,,,,,,12,17,
825015,2026-04-29,1,N,away,ATH,Athletics,L,2,5,9,False,,,,,,,,,,,12,18,
825016,2026-04-30,1,N,away,ATH,Athletics,L,3,6,9,False,,,,,,,,,,,12,19,
823146,2026-05-01,1,N,away,SEA,Seattle Mariners,W,7,6,9,False,,,,,,,,,,,13,19,
823144,2026-05-02,1,N,away,SEA,Seattle Mariners,W,3,2,9,False,,,,,,,,,,,14,19,
823145,2026-05-03,1,N,away,SEA,Seattle Mariners,W,4,1,9,False,,,,,,,,,,,15,19,
824120,2026-05-04,1,N,home,CLE,Cleveland Guardians,W,6,2,9,False,,,,,,,,,,,16,19,
824119,2026-05-05,1,N,home,CLE,Cleveland Guardians,W,5,3,9,False,,,,,,,,,,,17,19,
824118,2026-05-06,1,N,home,CLE,Cleveland Guardians,L,1,3,9,False,,,,,,,,,,,17,20,
824117,2026-05-07,1,N,home,CLE,Cleveland Guardians,L,5,8,9,False,,,,,,,,,,,17,21,
824116,2026-05-08,1,N,home,DET,Detroit Tigers,W,4,3,9,False,,,,,,,,,,,18,21,
824115,2026-05-09,1,N,home,DET,Detroit Tigers,W,5,1,9,False,,,,,,,,,,,19,21,
824113,2026-05-10,1,N,home,DET,Detroit Tigers,L,3,6,9,False,,,,,,,,,,,19,22,
824604,2026-05-12,1,N,away,CWS,Chicago White Sox,L,5,6,9,False,,,,,,,,,,,19,23,
824603,2026-05-13,1,N,away,CWS,Chicago White Sox,L,5,6,9,False,,,,,,,,,,,19,24,
824602,2026-05-14,1,N,away,CWS,Chicago White Sox,L,2,6,9,False,,,,,,,,,,,19,25,
823061,2026-05-15,1,N,away,STL,St. Louis Cardinals,L,4,5,9,False,,,,,,,,,,,19,26,
823060,2026-05-16,1,N,away,STL,St. Louis Cardinals,L,2,4,9,False,,,,,,,,,,,19,27,
823058,2026-05-17,1,N,away,STL,St. Louis Cardinals,W,2,0,9,False,,,,,,,,,,,20,27,
824114,2026-05-18,1,N,home,BOS,Boston Red Sox,L,1,3,9,False,,,,,,,,,,,20,28,
824112,2026-05-19,1,N,home,BOS,Boston Red Sox,L,1,7,9,False,,,,,,,,,,,20,29,
824111,2026-05-20,1,N,home,BOS,Boston Red Sox,L,3,4,9,False,,,,,,,,,,,20,30,
824110,2026-05-22,1,N,home,SEA,Seattle Mariners,L,0,2,9,False,,,,,,,,,,,20,31,
824109,2026-05-23,1,N,home,SEA,Seattle Mariners,W,5,0,9,False,,,,,,,,,,,21,31,
824108,2026-05-24,1,N,home,SEA,Seattle Mariners,W,8,6,9,False,,,,,,,,,,,22,31,
824107,2026-05-25,1,N,home,NYY,New York Yankees,L,3,4,9,False,,,,,,,,,,,22,32,
824106,2026-05-26,1,N,home,NYY,New York Yankees,L,1,15,9,False,,,,,,,,,,,22,33,
824104,2026-05-27,1,N,home,NYY,New York Yankees,L,0,7,9,False,,,,,,,,,,,22,34,
822894,2026-05-29,1,N,away,TEX,Texas Rangers,L,1,9,9,False,,,,,,,,,,,22,35,
822893,2026-05-30,1,N,away,TEX,Texas Rangers,L,6,7,9,False,,,,,,,,,,,22,36,
822895,2026-05-31,1,N,away,TEX,Texas Rangers,L,3,6,9,False,,,,,,,,,,,22,37,
824510,2026-06-01,1,N,away,CIN,Cincinnati Reds,W,9,2,9,False,,,,,,,,,,,23,37,
824511,2026-06-02,1,N,away,CIN,Cincinnati Reds,L,3,4,9,False,,,,,,,,,,,23,38,
824509,2026-06-03,1,N,away,CIN,Cincinnati Reds,W,5,2,9,False,,,,,,,,,,,24,38,
823698,2026-06-04,1,N,away,MIN,Minnesota Twins,W,8,6,9,False,,,,,,,,,,,25,38,
823699,2026-06-05,1,N,away,MIN,Minnesota Twins,L,3,5,9,False,,,,,,,,,,,25,39,
823697,2026-06-06,1,N,away,MIN,Minnesota Twins,W,3,2,9,False,,,,,,,,,,,26,39,
823696,2026-06-07,1,N,away,MIN,Minnesota Twins,W,6,5,9,False,,,,,,,,,,,27,39,
824105,2026-06-09,1,N,home,TEX,Texas Rangers,W,5,3,9,False,,,,,,,,,,,28,39,
824103,2026-06-10,1,N,home,TEX,Texas Rangers,L,4,6,9,False,,,,,,,,,,,28,40,
824101,2026-06-11,1,N,home,TEX,Texas Rangers,L,2,4,9,False,,,,,,,,,,,28,41,
824102,2026-06-12,1,N,home,HOU,Houston Astros,L,8,10,9,False,,,,,,,,,,,28,42,
824100,2026-06-13,1,N,home,HOU,Houston Astros,L,7,8,9,False,,,,,,,,,,,28,43,
824099,2026-06-14,1,N,home,HOU,Houston Astros,W,4,0,9,False,,,,,,,,,,,29,43,
822724,2026-06-15,1,N,away,WSH,Washington Nationals,L,3,7,9,False,,,,,,,,,,,29,44,
822723,2026-06-16,1,N,away,WSH,Washington Nationals,L,4,6,9,False,,,,,,,,,,,29,45,
822721,2026-06-17,1,N,away,WSH,Washington Nationals,W,6,2,9,False,,,,,,,,,,,30,45,
824098,2026-06-18,1,N,home,STL,St. Louis Cardinals,W,14,6,9,False,,,,,,,,,,,31,45,
824097,2026-06-19,1,N,home,STL,St. Louis Cardinals,W,6,5,9,False,,,,,,,,,,,32,45,
824095,2026-06-21,1,N,home,STL,St. Louis Cardinals,L,10,12,9,False,,,,,,,,,,,32,46,
822964,2026-06-22,1,N,away,TB,Tampa Bay Rays,W,2,1,9,False,,,,,,,,,,,33,46,
822963,2026-06-23,1,N,away,TB,Tampa Bay Rays,W,12,5,9,False,,,,,,,,,,,34,46,
822965,2026-06-24,1,N,away,TB,Tampa Bay Rays,L,3,5,9,False,,,,,,,,,,,34,47,
822961,2026-06-25,1,N,away,TB,Tampa Bay Rays,L,2,13,9,False,,,,,,,,,,,34,48,
824582,2026-06-26,1,N,away,CWS,Chicago White Sox,L,1,22,9,False,,,,,,,,,,,34,49,
824581,2026-06-27,1,N,away,CWS,Chicago White Sox,L,1,2,9,False,,,,,,,,,,,34,50,
824580,2026-06-28,1,N,away,CWS,Chicago White Sox,W,5,4,9,False,,,,,,,,,,,35,50,
824096,2026-06-30,1,N,home,TB,Tampa Bay Rays,L,4,10,9,False,,,,,,,,,,,35,51,
824094,2026-07-01,1,N,home,TB,Tampa Bay Rays,L,0,4,9,False,,,,,,,,,,,35,52,
824093,2026-07-02,1,N,home,TB,Tampa Bay Rays,L,2,5,9,False,,,,,,,,,,,35,53,
824092,2026-07-04,1,N,home,PHI,Philadelphia Phillies,L,1,6,9,False,,,,,,,,,,,35,54,
824091,2026-07-05,1,N,home,PHI,Philadelphia Phillies,W,5,2,9,False,,,,,,,,,,,36,54,
824089,2026-07-06,1,N,home,PHI,Philadelphia Phillies,W,15,1,9,False,,,,,,,,,,,37,54,
823607,2026-07-07,1,N,away,NYM,New York Mets,W,16,12,9,False,,,,,,,,,,,38,54,
823605,2026-07-08,1,N,away,NYM,New York Mets,L,2,6,9,False,,,,,,,,,,,38,55,
823606,2026-07-09,1,N,away,NYM,New York Mets,L,3,7,9,False,,,,,,,,,,,38,56,
824817,2026-07-10,1,N,away,BAL,Baltimore Orioles,L,3,5,9,False,,,,,,,,,,,38,57,
824813,2026-07-11,1,N,away,BAL,Baltimore Orioles,L,1,6,9,False,,,,,,,,,,,38,58,
824814,2026-07-12,1,N,away,BAL,Baltimore Orioles,L,2,8,9,False,,,,,,,,,,,38,59,
824090,2026-07-17,1,N,home,SD,San Diego Padres,W,7,6,9,False,,,,,,,,,,,39,59,
824088,2026-07-18,1,N,home,SD,San Diego Padres,W,6,1,9,False,,,,,,,,,,,40,59,
824086,2026-07-19,1,N,home,SD,San Diego Padres,L,2,19,9,False,,,,,,,,,,,40,60,
824087,2026-07-20,1,N,home,SF,San Francisco Giants,W,4,3,9,False,,,,,,,,,,,41,60,
824085,2026-07-21,1,N,home,SF,San Francisco Giants,W,3,2,9,False,,,,,,,,,,,42,60,
824083,2026-07-22,1,N,home,SF,San Francisco Giants,W,5,4,9,False,,,,,,,,,,,43,60,
824247,2026-07-23,1,N,away,DET,Detroit Tigers,L,3,4,9,False,,,,,,,,,,,43,61,
824248,2026-07-24,1,N,away,DET,Detroit Tigers,L,1,2,9,False,,,,,,,,,,,43,62,
824244,2026-07-25,1,N,away,DET,Detroit Tigers,W,3,2,9,False,,,,,,,,,,,44,62,
824246,2026-07-26,1,N,away,DET,Detroit Tigers,W,5,4,9,False,,,,,,,,,,,45,62,
823676,2026-07-28,1,N,away,MIN,Minnesota Twins,L,2,3,9,False,,,,,,,,,,,45,63,
823677,2026-07-29,1,N,away,MIN,Minnesota Twins,W,4,0,9,False,,,,,,,,,,,46,63,
823674,2026-07-30,1,N,away,MIN,Minnesota Twins,L,3,4,9,False,,,,,,,,,,,46,64,
824325,2026-07-31,1,N,away,COL,Colorado Rockies,L,1,3,9,False,,,,,,,,,,,46,65,
824326,2026-08-01,1,N,away,COL,Colorado Rockies,L,6,12,9,False,,,,,,,,,,,46,66,
824323,2026-08-02,1,N,away,COL,Colorado Rockies,L,1,8,9,False,,,,,,,,,,,46,67,
824084,2026-08-04,1,N,home,MIN,Minnesota Twins,W,8,2,9,False,,,,,,,,,,,47,67,
824082,2026-08-05,1,N,home,MIN,Minnesota Twins,W,2,1,9,False,,,,,,,,,,,48,67,
824080,2026-08-06,1,N,home,MIN,Minnesota Twins,L,3,4,9,False,,,,,,,,,,,48,68,
824081,2026-08-07,1,N,home,CHC,Chicago Cubs,L,4,6,9,False,7.0,1.0,9.0,0.0,Kevin Gausman,Daniel Lynch IV,Jacob Webb,Daniel Lynch IV,1.2,3.0,48,69,data/processed/royals/statpacks/2026-08-07_824081.json
824079,2026-08-08,1,N,home,CHC,Chicago Cubs,W,6,3,9,False,10.0,1.0,7.0,0.0,Seth Lugo,Clay Holmes,Nate Pearson,Seth Lugo,6.0,3.0,49,69,data/processed/royals/statpacks/2026-08-08_824079.json
824078,2026-08-09,1,N,home,CHC,Chicago Cubs,L,2,10,9,False,6.0,0.0,18.0,0.0,Matthew Boyd,Randy Dobnak,,Randy Dobnak,5.0,4.0,49,70,data/processed/royals/statpacks/2026-08-09_824078.json
823918,2026-08-10,1,N,away,LAD,Los Angeles Dodgers,L,5,6,9,False,6.0,0.0,10.0,0.0,Jack Dreyer,Alex Lange,Edwin Díaz,Noah Cameron,5.2,4.0,49,71,data/processed/royals/statpacks/2026-08-10_823918.json
823917,2026-08-11,1,N,away,LAD,Los Angeles Dodgers,L,4,5,10,True,6.0,0.0,9.0,1.0,Seth Halvorsen,Lucas Erceg,,Michael Wacha,6.2,3.0,49,72,data/processed/royals/statpacks/2026-08-11_823917.json
823916,2026-08-12,1,N,away,LAD,Los Angeles Dodgers,L,2,4,9,False,6.0,0.0,8.0,2.0,Eric Lauer,Daniel Lynch IV,Landon Knack,Daniel Lynch IV,2.1,3.0,49,73,data/processed/royals/statpacks/2026-08-12_823916.json
823993,2026-08-14,1,N,away,LAA,Los Angeles Angels,W,7,6,9,False,10.0,0.0,10.0,1.0,Alex Lange,Tayler Saucedo,Steven Cruz,Seth Lugo,4.2,5.0,50,73,data/processed/royals/statpacks/2026-08-14_823993.json
823990,2026-08-15,1,N,away,LAA,Los Angeles Angels,L,0,1,9,False,2.0,0.0,6.0,0.0,Reid Detmers,Nate Pearson,Ben Joyce,Randy Dobnak,5.2,0.0,50,74,data/processed/royals/statpacks/2026-08-15_823990.json
823991,2026-08-16,1,N,away,LAA,Los Angeles Angels,W,3,0,9,False,7.0,0.0,1.0,1.0,Noah Cameron,Ryan Johnson,,Noah Cameron,9.0,0.0,51,74,data/processed/royals/statpacks/2026-08-16_823991.json
824077,2026-08-17,1,N,home,ATH,Athletics,W,9,5,9,False,13.0,0.0,8.0,1.0,Michael Wacha,Mason Barnett,Steven Cruz,Michael Wacha,5.0,4.0,52,74,data/processed/royals/statpacks/2026-08-17_824077.json
824075,2026-08-18,1,N,home,ATH,Athletics,W,4,3,9,True,9.0,0.0,5.0,1.0,Carlos Duran,Hogan Harris,,Daniel Lynch IV,4.0,1.0,53,74,data/processed/royals/statpacks/2026-08-18_824075.json
824076,2026-08-19,1,N,home,ATH,Athletics,W,9,7,9,False,11.0,0.0,11.0,0.0,Craig Kimbrel,Drew Rom,,Seth Lugo,6.0,5.0,54,74,data/processed/royals/statpacks/2026-08-19_824076.json
824074,2026-08-20,1,N,home,ATH,Athletics,W,6,2,9,False,12.0,0.0,8.0,2.0,Connor Thomas,Gage Jump,,Randy Dobnak,4.0,0.0,55,74,data/processed/royals/statpacks/2026-08-20_824074.json
